{"cameraMode":{"drawMode":0,"name":"Shaded","section":"Shading Mode"},"sceneLighting":true,"audioPlay":false,"sceneViewState":{"showFog":true,"showMaterialUpdate":false,"showSkybox":true,"showFlares":true,"showImageEffects":true,"showParticleSystems":true,"showVisualEffectGraphs":true,"m_FxEnabled":true},"in2DMode":false,"pivot":{"x":10.013020515441895,"y":10.975750923156739,"z":17.87197494506836},"rotation":{"x":0.0008888575248420239,"y":-0.9939900636672974,"z":0.10927946120500565,"w":0.008063124492764473},"size":3.457566022872925,"orthographic":false}